{"cameraMode":{"drawMode":0,"name":"Shaded","section":"Shading Mode"},"sceneLighting":true,"audioPlay":false,"sceneViewState":{"showFog":false,"showMaterialUpdate":false,"showSkybox":false,"showFlares":false,"showImageEffects":false,"showParticleSystems":true},"in2DMode":false,"pivot":{"x":4.009894847869873,"y":3.1578116416931154,"z":5.849939346313477},"rotation":{"x":0.22903862595558167,"y":0.2191057801246643,"z":-0.05301833897829056,"w":0.9469883441925049},"size":20.697179794311525,"orthographic":false}