{"cameraMode":{"drawMode":0,"name":"Shaded","section":"Shading Mode"},"sceneLighting":false,"audioPlay":false,"sceneViewState":{"showFog":false,"showMaterialUpdate":false,"showSkybox":false,"showFlares":false,"showImageEffects":false,"showParticleSystems":true},"in2DMode":false,"pivot":{"x":0.13509654998779298,"y":0.0006982684135437012,"z":0.032676272094249728},"rotation":{"x":-0.3384261429309845,"y":0.6302279233932495,"z":-0.3540257513523102,"w":-0.6024720072746277},"size":1.853975772857666,"orthographic":false}