{"cameraMode":{"drawMode":0,"name":"Shaded","section":"Shading Mode"},"sceneLighting":true,"audioPlay":false,"sceneViewState":{"showFog":false,"showMaterialUpdate":false,"showSkybox":false,"showFlares":false,"showImageEffects":false,"showParticleSystems":true},"in2DMode":false,"pivot":{"x":1.3535526990890504,"y":7.743353366851807,"z":-15.545620918273926},"rotation":{"x":0.2564644515514374,"y":0.4760635495185852,"z":-0.1474364697933197,"w":0.8281978368759155},"size":7.066694736480713,"orthographic":false}
