{"cameraMode":{"drawMode":0,"name":"Shaded","section":"Shading Mode"},"sceneLighting":true,"audioPlay":false,"sceneViewState":{"showFog":false,"showMaterialUpdate":false,"showSkybox":false,"showFlares":false,"showImageEffects":false,"showParticleSystems":true},"in2DMode":false,"pivot":{"x":303.8877258300781,"y":-195.9224090576172,"z":211.25511169433595},"rotation":{"x":0.21316425502300263,"y":0.4423498809337616,"z":-0.10911685228347779,"w":0.864301323890686},"size":489.79840087890627,"orthographic":false}