{"cameraMode":{"drawMode":0,"name":"Shaded","section":"Shading Mode"},"sceneLighting":true,"audioPlay":false,"sceneViewState":{"showFog":false,"showMaterialUpdate":false,"showSkybox":false,"showFlares":false,"showImageEffects":false,"showParticleSystems":true},"in2DMode":false,"pivot":{"x":12.74670124053955,"y":4.967884063720703,"z":-2.642610788345337},"rotation":{"x":-0.18139353394508363,"y":0.5133695602416992,"z":-0.11196457594633103,"w":-0.831305742263794},"size":13.936044692993164,"orthographic":false}