{"cameraMode":{"drawMode":0,"name":"Shaded","section":"Shading Mode"},"sceneLighting":true,"audioPlay":false,"sceneViewState":{"showFog":false,"showMaterialUpdate":false,"showSkybox":false,"showFlares":false,"showImageEffects":false,"showParticleSystems":true},"in2DMode":false,"pivot":{"x":-0.8154156804084778,"y":14.141804695129395,"z":0.16451911628246308},"rotation":{"x":-0.27276352047920229,"y":-0.7211981415748596,"z":0.5017361640930176,"w":-0.39216259121894839},"size":58.834800720214847,"orthographic":false}
