{"cameraMode":{"drawMode":0,"name":"Shaded","section":"Shading Mode"},"sceneLighting":true,"audioPlay":false,"sceneViewState":{"showFog":false,"showMaterialUpdate":false,"showSkybox":false,"showFlares":false,"showImageEffects":false,"showParticleSystems":true},"in2DMode":false,"pivot":{"x":7.838796615600586,"y":-5.9553141593933109,"z":-2.908099889755249},"rotation":{"x":0.3411293029785156,"y":0.030712328851222993,"z":-0.011153610423207283,"w":0.9394568800926209},"size":69.1843490600586,"orthographic":false}