{"cameraMode":{"drawMode":0,"name":"Shaded","section":"Shading Mode"},"sceneLighting":true,"audioPlay":false,"sceneViewState":{"showFog":false,"showMaterialUpdate":false,"showSkybox":false,"showFlares":false,"showImageEffects":false,"showParticleSystems":true},"in2DMode":false,"pivot":{"x":-20.768339157104493,"y":23.69783592224121,"z":-16.533119201660158},"rotation":{"x":0.34036123752593996,"y":0.4191548526287079,"z":-0.17315323650836945,"w":0.8237438201904297},"size":13.849514961242676,"orthographic":false}