{"cameraMode":{"drawMode":0,"name":"Shaded","section":"Shading Mode"},"sceneLighting":true,"audioPlay":false,"sceneViewState":{"showFog":false,"showMaterialUpdate":false,"showSkybox":false,"showFlares":false,"showImageEffects":false,"showParticleSystems":true},"in2DMode":false,"pivot":{"x":-20.66812515258789,"y":-39.57009506225586,"z":-51.876678466796878},"rotation":{"x":0.07257959246635437,"y":-0.9268762469291687,"z":0.2763998508453369,"w":0.24338781833648683},"size":141.59994506835938,"orthographic":false}