{"cameraMode":{"drawMode":0,"name":"Shaded","section":"Shading Mode"},"sceneLighting":true,"audioPlay":false,"sceneViewState":{"showFog":false,"showMaterialUpdate":false,"showSkybox":false,"showFlares":false,"showImageEffects":false,"showParticleSystems":true},"in2DMode":false,"pivot":{"x":4.4571213722229,"y":1.1046791076660157,"z":-3.071113109588623},"rotation":{"x":-0.3936527669429779,"y":-0.16028417646884919,"z":0.06991690397262573,"w":-0.9024845957756043},"size":4.4591898918151859,"orthographic":false}