{"cameraMode":{"drawMode":0,"name":"Shaded","section":"Shading Mode"},"sceneLighting":false,"audioPlay":false,"sceneViewState":{"showFog":false,"showMaterialUpdate":false,"showSkybox":false,"showFlares":false,"showImageEffects":false,"showParticleSystems":true},"in2DMode":false,"pivot":{"x":-6.067263126373291,"y":1.6984748840332032,"z":1.9233856201171876},"rotation":{"x":-0.5658630728721619,"y":-0.025730270892381669,"z":0.01766820438206196,"w":-0.8239189386367798},"size":46.82798767089844,"orthographic":false}