{"cameraMode":{"drawMode":0,"name":"Shaded","section":"Shading Mode"},"sceneLighting":true,"audioPlay":false,"sceneViewState":{"showFog":false,"showMaterialUpdate":false,"showSkybox":false,"showFlares":false,"showImageEffects":false,"showParticleSystems":true},"in2DMode":false,"pivot":{"x":32.04755783081055,"y":-24.002838134765626,"z":28.382427215576173},"rotation":{"x":-0.4034162163734436,"y":-0.5676354765892029,"z":0.37378063797950747,"w":-0.6126645803451538},"size":40.4201545715332,"orthographic":false}