{"cameraMode":{"drawMode":0,"name":"Shaded","section":"Shading Mode"},"sceneLighting":true,"audioPlay":false,"sceneViewState":{"showFog":false,"showMaterialUpdate":false,"showSkybox":false,"showFlares":false,"showImageEffects":false,"showParticleSystems":true},"in2DMode":false,"pivot":{"x":13.3546142578125,"y":-10.967535018920899,"z":3.326314926147461},"rotation":{"x":-0.3582626283168793,"y":-0.4782702922821045,"z":0.22243833541870118,"w":-0.7703728079795837},"size":48.17060089111328,"orthographic":false}