{"cameraMode":{"drawMode":0,"name":"Shaded","section":"Shading Mode"},"sceneLighting":false,"audioPlay":false,"sceneViewState":{"showFog":false,"showMaterialUpdate":false,"showSkybox":false,"showFlares":false,"showImageEffects":false,"showParticleSystems":true},"in2DMode":false,"pivot":{"x":1.3562244176864625,"y":0.34128475189208987,"z":-0.965255618095398},"rotation":{"x":-0.5208580493927002,"y":0.44771069288253786,"z":-0.3742865324020386,"w":-0.6230363249778748},"size":19.91864585876465,"orthographic":false}